timezone,temp,humidity,weather
25-02-19 05:42:35,0.76,29,clear sky
25-02-19 05:49:11,0.76,29,clear sky
25-02-19 05:57:44,0.76,29,clear sky
25-02-19 06:17:37,-0.13,18,clear sky
25-02-19 06:19:15,-0.13,18,clear sky
25-02-19 06:26:19,1.76,25,clear sky
25-02-19 06:35:50,1.76,25,clear sky
25-02-19 06:43:40,1.76,25,clear sky
25-02-19 06:52:06,1.76,25,clear sky
25-02-19 07:01:11,1.76,25,clear sky
25-02-19 07:21:57,0.76,25,clear sky
25-02-19 07:30:10,0.76,25,clear sky
25-02-19 07:39:23,0.76,25,clear sky
25-02-19 07:47:55,0.76,25,clear sky
25-02-19 07:56:12,0.76,25,clear sky
25-02-19 08:20:00,-0.74,19,clear sky
25-02-19 08:38:59,0.76,29,clear sky
25-02-19 08:49:56,0.76,29,clear sky
25-02-19 08:58:36,0.76,29,clear sky
25-02-19 09:21:01,-0.22,25,clear sky
25-02-19 09:32:53,-1.24,29,clear sky
25-02-19 09:41:42,-1.24,29,clear sky
25-02-19 09:50:22,-1.24,29,clear sky
25-02-19 09:58:56,-1.24,29,clear sky
25-02-19 10:22:16,-2.1,25,clear sky
25-02-19 10:38:38,-3.24,39,clear sky
25-02-19 10:47:00,-3.24,39,clear sky
25-02-19 10:55:33,-3.24,39,clear sky
25-02-19 11:11:31,-2.72,29,clear sky
25-02-19 11:24:09,-3.24,43,clear sky
25-02-19 11:33:42,-3.24,43,clear sky
25-02-19 11:42:08,-3.24,43,clear sky
25-02-19 11:50:25,-3.24,43,clear sky
25-02-19 11:58:56,-3.24,43,clear sky
25-02-19 12:38:43,-4.24,50,clear sky
25-02-19 13:02:12,-4.24,50,clear sky
25-02-19 13:28:35,-5.24,50,clear sky
25-02-19 13:40:07,-5.24,50,clear sky
25-02-19 13:48:39,-5.24,50,clear sky
25-02-19 13:57:05,-5.24,50,clear sky
25-02-19 14:16:12,-3.33,36,clear sky
25-02-19 14:33:29,-5.24,54,clear sky
25-02-19 14:43:49,-5.24,54,clear sky
25-02-19 14:52:05,-5.24,54,clear sky
25-02-19 15:00:47,-5.24,54,clear sky
25-02-19 15:26:04,-6.24,58,clear sky
25-02-19 15:37:37,-6.24,58,clear sky
25-02-19 15:46:10,-6.24,58,clear sky
25-02-19 15:54:29,-6.24,58,clear sky
25-02-19 16:14:48,-3.29,37,clear sky
25-02-19 16:36:03,-6.24,58,clear sky
25-02-19 16:48:38,-6.24,58,clear sky
25-02-19 16:57:12,-6.24,58,clear sky
25-02-19 17:15:31,-3.46,37,clear sky
25-02-19 17:31:05,-8.24,62,clear sky
25-02-19 17:40:59,-8.24,62,clear sky
25-02-19 17:49:14,-8.24,62,clear sky
25-02-19 17:57:43,-8.24,62,clear sky
25-02-19 18:23:57,-8.24,67,clear sky
25-02-19 18:42:02,-8.24,67,clear sky
25-02-19 18:51:02,-8.24,67,clear sky
25-02-19 18:59:22,-8.24,67,clear sky
25-02-19 19:16:40,-3.86,41,clear sky
25-02-19 19:24:59,-9.24,73,clear sky
25-02-19 19:34:41,-9.24,73,clear sky
25-02-19 19:43:13,-9.24,73,clear sky
25-02-19 19:51:48,-9.24,73,clear sky
25-02-19 20:00:04,-9.24,73,clear sky
25-02-19 20:25:14,-10.24,85,clear sky
25-02-19 20:36:51,-10.24,85,clear sky
25-02-19 20:45:11,-10.24,85,clear sky
25-02-19 20:53:28,-10.24,85,clear sky
25-02-19 21:09:05,-10.24,85,clear sky
25-02-19 21:24:35,-10.24,85,clear sky
25-02-19 21:34:13,-10.24,85,clear sky
25-02-19 21:42:43,-10.24,85,clear sky
25-02-19 21:51:14,-10.24,85,clear sky
25-02-19 21:59:34,-10.24,85,clear sky
25-02-19 22:20:05,-4.41,43,clear sky
25-02-19 22:32:10,-8.24,73,clear sky
25-02-19 22:40:50,-8.24,73,clear sky
25-02-19 22:49:02,-8.24,73,clear sky
25-02-19 22:57:33,-8.24,73,clear sky
25-02-19 23:16:56,-4.45,43,clear sky
25-02-19 23:28:50,-7.24,73,clear sky
25-02-19 23:38:26,-7.24,73,clear sky
25-02-19 23:46:53,-7.24,73,clear sky
25-02-19 23:55:30,-7.24,73,clear sky
25-02-20 01:04:48,-3.24,59,clear sky
25-02-20 02:21:25,-2.23,30,clear sky
25-02-20 02:59:11,-0.24,32,clear sky
25-02-20 03:25:43,0.76,29,clear sky
25-02-20 03:41:06,0.76,29,clear sky
25-02-20 03:49:31,0.76,29,clear sky
25-02-20 03:58:06,0.76,29,clear sky
25-02-20 04:22:20,-0.67,25,clear sky
25-02-20 04:37:33,0.76,29,clear sky
25-02-20 04:45:55,0.76,29,clear sky
25-02-20 04:54:31,0.76,29,clear sky
25-02-20 05:12:10,0.76,29,clear sky
25-02-20 05:30:41,1.76,27,clear sky
25-02-20 05:41:12,1.76,27,clear sky
25-02-20 05:49:36,1.76,27,clear sky
25-02-20 05:57:51,1.76,27,clear sky
25-02-20 06:26:06,1.76,27,clear sky
25-02-20 06:43:26,1.76,27,clear sky
25-02-20 06:51:57,1.76,27,clear sky
25-02-20 07:00:28,1.76,27,clear sky
25-02-20 07:21:31,1.76,27,clear sky
25-02-20 07:29:42,1.76,27,clear sky
25-02-20 07:38:39,1.76,27,clear sky
25-02-20 07:47:22,1.76,27,clear sky
25-02-20 07:55:41,1.76,27,clear sky
25-02-20 08:18:39,0.76,23,clear sky
25-02-20 08:38:32,0.76,23,clear sky
25-02-20 08:49:08,0.76,23,clear sky
25-02-20 08:57:49,0.76,23,clear sky
25-02-20 09:19:25,-1.37,26,clear sky
25-02-20 09:32:06,-1.24,29,clear sky
25-02-20 09:41:39,-1.24,29,clear sky
25-02-20 09:50:06,-1.24,29,clear sky
25-02-20 09:58:19,-1.24,29,clear sky
25-02-20 10:21:03,-1.22,24,clear sky
25-02-20 10:38:36,-2.24,34,clear sky
25-02-20 10:47:16,-2.24,34,clear sky
25-02-20 10:55:50,-2.24,34,clear sky
25-02-20 11:12:07,-2.24,34,clear sky
25-02-20 11:24:31,-3.24,36,clear sky
25-02-20 11:34:30,-3.24,36,clear sky
25-02-20 11:42:41,-3.24,36,clear sky
25-02-20 11:51:09,-3.24,36,clear sky
25-02-20 11:59:21,-3.24,36,clear sky
25-02-20 12:43:20,-4.24,39,clear sky
25-02-20 13:11:39,-4.24,39,clear sky
25-02-20 13:31:59,-5.24,50,clear sky
25-02-20 13:41:44,-5.24,50,clear sky
25-02-20 13:49:59,-5.24,50,clear sky
25-02-20 13:58:11,-5.24,50,clear sky
25-02-20 14:18:50,-3.64,38,clear sky
25-02-20 14:35:46,-5.24,54,clear sky
25-02-20 14:44:53,-5.24,54,clear sky
25-02-20 14:53:19,-5.24,54,clear sky
25-02-20 15:10:21,-5.24,54,clear sky
25-02-20 15:30:16,-6.24,58,clear sky
25-02-20 15:42:11,-6.24,58,clear sky
25-02-20 15:50:51,-6.24,58,clear sky
25-02-20 15:58:59,-6.24,58,clear sky
25-02-20 16:28:05,-7.24,63,clear sky
25-02-20 16:45:47,-7.24,63,clear sky
25-02-20 16:54:54,-7.24,63,clear sky
25-02-20 17:11:23,-7.24,63,clear sky
25-02-20 17:27:28,-6.24,63,clear sky
25-02-20 17:37:44,-6.24,63,clear sky
25-02-20 17:46:15,-6.24,63,clear sky
25-02-20 17:54:44,-6.24,63,clear sky
25-02-20 18:17:03,-3.97,41,clear sky
25-02-20 18:39:26,-7.24,63,clear sky
25-02-20 18:49:58,-7.24,63,clear sky
25-02-20 18:58:09,-7.24,63,clear sky
25-02-20 19:15:27,-4.01,42,clear sky
25-02-20 19:24:35,-9.24,62,clear sky
25-02-20 19:34:35,-9.24,62,clear sky
25-02-20 19:43:12,-9.24,62,clear sky
25-02-20 19:51:37,-9.24,62,clear sky
25-02-20 19:59:50,-9.24,62,clear sky
25-02-20 20:24:50,-4.13,43,clear sky
25-02-20 20:36:40,-9.24,73,clear sky
25-02-20 20:45:17,-9.24,73,clear sky
25-02-20 21:08:37,-9.24,73,clear sky
25-02-20 21:24:11,-10.24,79,clear sky
25-02-20 21:33:36,-10.24,79,clear sky
25-02-20 21:42:00,-10.24,79,clear sky
25-02-20 21:50:13,-10.24,79,clear sky
25-02-20 21:58:23,-10.24,79,clear sky
25-02-20 22:18:26,-4.45,46,clear sky
25-02-20 22:33:35,-10.24,85,clear sky
25-02-20 22:42:14,-10.24,85,clear sky
25-02-20 22:50:34,-10.24,85,clear sky
25-02-20 22:59:02,-10.24,85,clear sky
25-02-20 23:20:06,-4.48,47,clear sky
25-02-20 23:30:27,-7.24,73,clear sky
25-02-20 23:39:39,-7.24,73,clear sky
25-02-20 23:48:25,-7.24,73,clear sky
25-02-20 23:56:43,-7.24,73,clear sky
25-02-21 01:15:40,-3.24,59,clear sky
25-02-21 02:30:42,-0.24,32,clear sky
25-02-21 03:02:38,-0.24,32,clear sky
25-02-21 03:29:16,0.76,32,clear sky
25-02-21 03:42:29,0.76,32,clear sky
25-02-21 03:50:42,0.76,32,clear sky
25-02-21 03:59:01,0.76,32,clear sky
25-02-21 04:26:29,0.76,32,clear sky
25-02-21 04:43:15,0.76,32,clear sky
25-02-21 04:51:36,0.76,32,clear sky
25-02-21 05:00:00,0.76,32,clear sky
25-02-21 05:22:05,-0.26,28,clear sky
25-02-21 05:35:00,0.76,32,clear sky
25-02-21 05:43:26,0.76,32,clear sky
25-02-21 05:52:04,0.76,32,clear sky
25-02-21 06:10:21,0.76,32,clear sky
25-02-21 06:35:19,0.76,37,clear sky
25-02-21 06:47:27,0.76,37,clear sky
25-02-21 06:56:01,0.76,37,clear sky
25-02-21 07:14:35,0.76,37,clear sky
25-02-21 07:27:24,0.76,40,clear sky
25-02-21 07:36:31,0.76,40,clear sky
25-02-21 07:45:11,0.76,40,clear sky
25-02-21 07:53:30,0.76,40,clear sky
25-02-21 08:13:22,0.76,40,clear sky
25-02-21 08:33:33,1.76,30,clear sky
25-02-21 08:45:36,1.76,30,clear sky
25-02-21 08:53:56,1.76,30,clear sky
25-02-21 09:11:17,1.76,30,clear sky
25-02-21 09:28:16,-0.24,27,clear sky
25-02-21 09:38:43,-0.24,27,clear sky
25-02-21 09:47:17,-0.24,27,clear sky
25-02-21 09:55:49,-0.24,27,clear sky
25-02-21 10:15:08,-0.24,27,clear sky
25-02-21 10:34:22,-2.24,37,clear sky
25-02-21 10:43:54,-2.24,37,clear sky
25-02-21 10:52:22,-2.24,37,clear sky
25-02-21 11:04:50,-2.24,37,clear sky
25-02-21 11:22:12,-2.24,40,clear sky
25-02-21 11:30:41,-2.24,40,clear sky
25-02-21 11:39:25,-2.24,40,clear sky
25-02-21 11:47:59,-2.24,40,clear sky
25-02-21 11:56:21,-2.24,40,clear sky
25-02-21 12:30:46,-3.24,46,clear sky
25-02-21 13:00:03,-3.24,46,clear sky
25-02-21 13:27:21,-4.24,50,clear sky
25-02-21 13:37:36,-4.24,50,clear sky
25-02-21 13:46:13,-4.24,50,clear sky
25-02-21 13:54:53,-4.24,50,clear sky
25-02-21 14:10:39,-2.6,40,clear sky
25-02-21 14:29:21,-4.24,50,clear sky
25-02-21 14:40:56,-4.24,50,clear sky
25-02-21 14:49:37,-4.24,50,clear sky
25-02-21 14:57:55,-4.24,50,clear sky
25-02-21 15:19:27,-2.53,38,few clouds
25-02-21 15:32:12,-4.24,54,clear sky
25-02-21 15:41:46,-4.24,54,clear sky
25-02-21 15:49:59,-4.24,54,clear sky
25-02-21 15:58:09,-4.24,54,clear sky
25-02-21 16:24:00,-2.93,36,few clouds
25-02-21 16:40:12,-5.24,58,clear sky
25-02-21 16:49:06,-5.24,58,clear sky
25-02-21 16:57:46,-5.24,58,clear sky
25-02-21 17:15:50,-3.39,38,few clouds
25-02-21 17:28:58,-5.24,63,clear sky
25-02-21 17:38:00,-5.24,63,clear sky
25-02-21 17:46:13,-5.24,63,clear sky
25-02-21 17:54:30,-5.24,63,clear sky
25-02-21 18:15:53,-3.93,38,clear sky
25-02-21 18:37:57,-6.24,73,clear sky
25-02-21 18:48:12,-6.24,73,clear sky
25-02-21 18:56:43,-6.24,73,clear sky
25-02-21 19:12:34,-6.24,73,clear sky
25-02-21 19:22:26,-4.18,39,clear sky
25-02-21 19:31:01,-7.24,73,clear sky
25-02-21 19:39:11,-7.24,73,clear sky
25-02-21 19:47:45,-7.24,73,clear sky
25-02-21 19:56:00,-7.24,73,clear sky
25-02-21 20:15:35,-7.24,73,clear sky
25-02-21 20:30:22,-8.24,86,clear sky
25-02-21 20:40:54,-8.24,86,clear sky
25-02-21 20:49:18,-8.24,86,clear sky
25-02-21 20:57:49,-8.24,86,clear sky
25-02-21 21:15:09,-4.37,41,clear sky
25-02-21 21:27:05,-7.24,73,clear sky
25-02-21 21:36:13,-7.24,73,clear sky
25-02-21 21:44:30,-7.24,73,clear sky
25-02-21 21:53:03,-7.24,73,clear sky
25-02-21 22:08:29,-7.24,73,clear sky
25-02-21 22:28:52,-7.24,79,clear sky
25-02-21 22:39:49,-7.24,79,clear sky
25-02-21 22:48:33,-7.24,79,clear sky
25-02-21 22:57:10,-7.24,79,clear sky
25-02-21 23:17:41,-4.52,41,clear sky
25-02-21 23:29:43,-6.24,73,clear sky
25-02-21 23:39:00,-6.24,73,clear sky
25-02-21 23:47:19,-6.24,73,clear sky
25-02-21 23:55:46,-6.24,73,clear sky
25-02-22 01:05:32,-3.24,59,clear sky
25-02-22 02:18:38,-2.32,30,clear sky
25-02-22 02:55:47,-0.24,34,clear sky
25-02-22 03:16:29,-1.49,27,clear sky
25-02-22 03:32:59,0.76,34,clear sky
25-02-22 03:42:12,0.76,34,clear sky
25-02-22 03:50:51,0.76,34,clear sky
25-02-22 03:59:07,0.76,34,clear sky
25-02-22 04:26:01,-0.83,25,clear sky
25-02-22 04:40:55,1.76,32,clear sky
25-02-22 04:49:22,1.76,32,clear sky
25-02-22 04:57:57,1.76,32,clear sky
25-02-22 05:17:13,-0.41,25,clear sky
25-02-22 05:31:21,0.76,34,clear sky
25-02-22 05:39:55,0.76,34,clear sky
25-02-22 05:48:39,0.76,34,clear sky
25-02-22 05:57:08,0.76,34,clear sky
25-02-22 06:23:40,0.76,37,clear sky
25-02-22 06:42:07,0.76,37,clear sky
25-02-22 06:50:28,0.76,37,clear sky
25-02-22 06:58:49,0.76,37,clear sky
25-02-22 07:17:19,-0.02,28,clear sky
25-02-22 07:26:22,0.76,37,clear sky
25-02-22 07:35:50,0.76,37,clear sky
25-02-22 07:44:11,0.76,37,clear sky
25-02-22 07:52:42,0.76,37,clear sky
25-02-22 08:09:41,0.76,37,clear sky
25-02-22 08:29:44,0.76,37,clear sky
25-02-22 08:41:55,0.76,37,clear sky
25-02-22 08:50:32,0.76,37,clear sky
25-02-22 08:59:10,0.76,37,clear sky
25-02-22 09:20:55,-0.49,28,clear sky
25-02-22 09:30:28,-1.24,47,clear sky
25-02-22 09:38:33,-1.24,47,clear sky
25-02-22 09:47:07,-1.24,47,clear sky
25-02-22 09:55:23,-1.24,47,clear sky
25-02-22 10:12:42,-1.44,31,clear sky
25-02-22 10:33:23,-1.24,51,clear sky
25-02-22 10:43:23,-1.24,51,clear sky
25-02-22 10:51:36,-1.24,51,clear sky
25-02-22 10:59:49,-1.24,51,clear sky
25-02-22 11:16:25,-2.26,34,clear sky
25-02-22 11:24:58,-2.26,34,clear sky
25-02-22 11:34:26,-2.24,37,clear sky
25-02-22 11:42:47,-2.24,37,clear sky
25-02-22 11:51:13,-2.24,37,clear sky
25-02-22 11:59:26,-2.24,37,clear sky
25-02-22 12:38:31,-4.24,42,clear sky
25-02-22 12:58:28,-4.24,42,clear sky
25-02-22 13:19:56,-3.25,36,broken clouds
25-02-22 13:30:06,-5.24,46,clear sky
25-02-22 13:38:44,-5.24,46,clear sky
25-02-22 13:47:11,-5.24,46,clear sky
25-02-22 13:55:25,-5.24,46,clear sky
25-02-22 14:11:29,-3.59,39,broken clouds
25-02-22 14:27:52,-5.24,50,clear sky
25-02-22 14:37:07,-5.24,50,clear sky
25-02-22 14:45:26,-5.24,50,clear sky
25-02-22 14:53:56,-5.24,50,clear sky
25-02-22 15:09:14,-5.24,50,clear sky
25-02-22 15:25:04,-6.24,53,clear sky
25-02-22 15:34:19,-6.24,53,clear sky
25-02-22 15:42:47,-6.24,53,clear sky
25-02-22 15:51:11,-6.24,53,clear sky
25-02-22 15:59:40,-6.24,53,clear sky
25-02-22 16:25:00,-6.24,58,clear sky
25-02-22 16:38:13,-6.24,58,clear sky
25-02-22 16:46:47,-6.24,58,clear sky
25-02-22 16:55:12,-6.24,58,clear sky
25-02-22 17:11:13,-6.24,58,clear sky
25-02-22 17:28:18,-8.24,62,clear sky
25-02-22 17:37:36,-8.24,62,clear sky
25-02-22 17:46:13,-8.24,62,clear sky
25-02-22 17:54:27,-8.24,62,clear sky
25-02-22 18:14:04,-3.99,40,few clouds
25-02-22 18:34:00,-7.24,58,clear sky
25-02-22 18:43:54,-7.24,58,clear sky
25-02-22 18:51:58,-7.24,58,clear sky
25-02-22 19:00:11,-7.24,58,clear sky
25-02-22 19:17:10,-4.19,39,clear sky
25-02-22 19:25:34,-9.24,67,clear sky
25-02-22 19:34:58,-9.24,67,clear sky
25-02-22 19:43:10,-9.24,67,clear sky
25-02-22 19:51:32,-9.24,67,clear sky
25-02-22 19:59:52,-9.24,67,clear sky
25-02-22 20:22:18,-4.47,37,clear sky
25-02-22 20:30:57,-8.24,67,clear sky
25-02-22 20:40:23,-8.24,67,clear sky
25-02-22 20:48:39,-8.24,67,clear sky
25-02-22 20:57:16,-8.24,67,clear sky
25-02-22 21:15:17,-4.75,35,clear sky
25-02-22 21:27:06,-4.75,35,clear sky
25-02-22 21:36:01,-8.24,67,clear sky
25-02-22 21:44:13,-8.24,67,clear sky
25-02-22 21:52:46,-8.24,67,clear sky
25-02-22 22:06:47,-8.24,67,clear sky
25-02-22 22:26:27,-7.24,63,clear sky
25-02-22 22:36:36,-7.24,63,clear sky
25-02-22 22:45:01,-7.24,63,clear sky
25-02-22 22:53:30,-7.24,63,clear sky
25-02-22 23:08:53,-4.93,37,clear sky
25-02-22 23:23:30,-4.93,37,clear sky
25-02-22 23:32:28,-5.24,58,clear sky
25-02-22 23:40:41,-5.24,58,clear sky
25-02-22 23:49:16,-5.24,58,clear sky
25-02-22 23:57:45,-5.24,58,clear sky
25-02-23 01:35:41,-2.24,37,clear sky
25-02-23 02:43:25,-1.24,37,clear sky
25-02-23 03:13:51,-2.56,30,clear sky
25-02-23 03:34:51,-2.24,34,few clouds
25-02-23 03:45:18,-2.24,34,few clouds
25-02-23 03:53:33,-2.24,34,few clouds
25-02-23 04:11:37,-1.98,28,clear sky
25-02-23 04:32:59,-0.24,32,few clouds
25-02-23 04:45:04,-0.24,32,few clouds
25-02-23 04:53:11,-0.24,32,few clouds
25-02-23 05:08:56,-1.47,25,clear sky
25-02-23 05:28:42,-0.24,27,clear sky
25-02-23 05:39:24,-0.24,27,clear sky
25-02-23 05:47:45,-0.24,27,clear sky
25-02-23 05:56:17,-0.24,27,clear sky
25-02-23 06:19:52,-1.29,24,few clouds
25-02-23 06:38:22,-0.24,29,clear sky
25-02-23 06:46:51,-0.24,29,clear sky
25-02-23 06:55:08,-0.24,29,clear sky
25-02-23 07:11:44,-0.24,29,clear sky
25-02-23 07:25:02,-0.24,34,clear sky
25-02-23 07:34:18,-0.24,34,clear sky
25-02-23 07:42:49,-0.24,34,clear sky
25-02-23 07:51:17,-0.24,34,clear sky
25-02-23 07:59:31,-0.24,34,clear sky
25-02-23 08:26:20,-0.24,29,clear sky
25-02-23 08:39:13,-0.24,29,clear sky
25-02-23 08:47:40,-0.24,29,clear sky
25-02-23 08:56:03,-0.24,29,clear sky
25-02-23 09:14:18,-0.24,29,clear sky
25-02-23 09:29:16,-2.24,34,clear sky
25-02-23 09:39:51,-2.24,34,clear sky
25-02-23 09:48:04,-2.24,34,clear sky
25-02-23 09:56:36,-2.24,34,clear sky
25-02-23 10:16:00,-3.08,33,clear sky
25-02-23 10:33:10,-3.24,36,clear sky
25-02-23 10:41:56,-3.24,36,clear sky
25-02-23 10:50:33,-3.24,36,clear sky
25-02-23 10:59:01,-3.24,36,clear sky
25-02-23 11:16:41,-3.24,36,clear sky
25-02-23 11:25:23,-4.24,42,clear sky
25-02-23 11:35:30,-4.24,42,clear sky
25-02-23 11:43:45,-4.24,42,clear sky
25-02-23 11:52:23,-4.24,42,clear sky
25-02-23 12:12:22,-3.59,37,clear sky
25-02-23 12:47:59,-5.24,50,clear sky
25-02-23 13:08:55,-5.24,50,clear sky
25-02-23 13:26:33,-5.24,50,clear sky
25-02-23 13:35:16,-5.24,50,clear sky
25-02-23 13:43:44,-5.24,50,clear sky
25-02-23 13:52:15,-5.24,50,clear sky
25-02-23 14:01:20,-5.24,50,clear sky
25-02-23 14:21:54,-3.76,39,clear sky
25-02-23 14:34:17,-6.24,53,clear sky
25-02-23 14:42:44,-6.24,53,clear sky
25-02-23 14:51:15,-6.24,53,clear sky
25-02-23 14:59:45,-6.24,53,clear sky
25-02-23 15:20:40,-6.24,53,clear sky
25-02-23 15:29:43,-6.24,53,clear sky
25-02-23 15:39:46,-6.24,53,clear sky
25-02-23 15:48:04,-6.24,53,clear sky
25-02-23 15:56:26,-6.24,53,clear sky
25-02-23 16:17:01,-6.24,53,clear sky
25-02-23 16:33:49,-6.24,58,clear sky
25-02-23 16:43:15,-6.24,58,clear sky
25-02-23 16:51:46,-6.24,58,clear sky
25-02-23 17:00:00,-6.24,58,clear sky
25-02-23 17:18:47,-3.7,39,clear sky
25-02-23 17:29:57,-8.24,62,clear sky
25-02-23 17:40:05,-8.24,62,clear sky
25-02-23 17:48:27,-8.24,62,clear sky
25-02-23 17:56:57,-8.24,62,clear sky
25-02-23 18:20:30,-8.24,67,clear sky
25-02-23 18:37:17,-8.24,67,clear sky
25-02-23 18:45:54,-8.24,67,clear sky
25-02-23 18:54:05,-8.24,67,clear sky
25-02-23 19:08:04,-8.24,67,clear sky
25-02-23 19:19:39,-4,41,clear sky
25-02-23 19:28:19,-10.24,79,clear sky
25-02-23 19:37:43,-10.24,79,clear sky
25-02-23 19:46:01,-10.24,79,clear sky
25-02-23 19:54:23,-10.24,79,clear sky
25-02-23 20:11:37,-10.24,79,clear sky
25-02-23 20:27:20,-10.24,73,clear sky
25-02-23 20:37:55,-10.24,73,clear sky
25-02-23 20:46:28,-10.24,73,clear sky
25-02-23 20:55:04,-10.24,73,clear sky
25-02-23 21:10:45,-4.28,42,clear sky
25-02-23 21:25:27,-9.24,73,clear sky
25-02-23 21:34:35,-9.24,73,clear sky
25-02-23 21:42:49,-9.24,73,clear sky
25-02-23 21:51:09,-9.24,73,clear sky
25-02-23 21:59:36,-9.24,73,clear sky
25-02-23 22:19:58,-4.35,43,clear sky
25-02-23 22:32:45,-10.24,79,clear sky
25-02-23 22:41:13,-10.24,79,clear sky
25-02-23 22:49:40,-10.24,79,clear sky
25-02-23 22:57:53,-10.24,79,clear sky
25-02-23 23:16:36,-4.24,43,clear sky
25-02-23 23:27:36,-7.24,68,clear sky
25-02-23 23:36:56,-7.24,68,clear sky
25-02-23 23:45:27,-7.24,68,clear sky
25-02-23 23:53:55,-7.24,68,clear sky
25-02-24 00:53:34,-2.24,54,clear sky
25-02-24 02:16:14,-1.71,32,clear sky
25-02-24 03:02:23,0.76,32,clear sky
25-02-24 03:31:32,1.76,30,clear sky
25-02-24 03:45:32,1.76,30,clear sky
25-02-24 03:54:02,1.76,30,clear sky
25-02-24 04:13:44,1.76,30,clear sky
25-02-24 04:33:04,2.76,30,clear sky
25-02-24 04:44:18,2.76,30,clear sky
25-02-24 04:52:39,2.76,30,clear sky
25-02-24 05:09:02,2.76,30,clear sky
25-02-24 05:29:33,3.76,33,clear sky
25-02-24 05:40:52,3.76,33,clear sky
25-02-24 05:49:06,3.76,33,clear sky
25-02-24 05:57:33,3.76,33,clear sky
25-02-24 06:27:07,3.76,33,clear sky
25-02-24 06:45:31,3.76,33,clear sky
25-02-24 06:53:59,3.76,33,clear sky
25-02-24 07:11:16,2.2,24,clear sky
25-02-24 07:26:13,2.2,24,clear sky
25-02-24 07:35:16,3.76,30,clear sky
25-02-24 07:43:52,3.76,30,clear sky
25-02-24 07:52:29,3.76,30,clear sky
25-02-24 08:11:54,3.76,30,clear sky
25-02-24 08:34:54,3.76,30,clear sky
25-02-24 08:47:46,3.76,30,clear sky
25-02-24 08:56:19,3.76,30,clear sky
25-02-24 09:17:39,1.87,27,clear sky
25-02-24 09:32:28,1.76,35,clear sky
25-02-24 09:42:09,1.76,35,clear sky
25-02-24 09:50:37,1.76,35,clear sky
25-02-24 09:58:44,1.76,35,clear sky
25-02-24 10:22:55,0.76,40,clear sky
25-02-24 10:39:49,0.76,40,clear sky
25-02-24 10:48:16,0.76,40,clear sky
25-02-24 10:56:31,0.76,40,clear sky
25-02-24 11:13:24,0.54,35,clear sky
25-02-24 11:25:27,0.76,60,clear sky
25-02-24 11:35:18,0.76,60,clear sky
25-02-24 11:43:49,0.76,60,clear sky
25-02-24 11:52:14,0.76,60,clear sky
25-02-24 12:14:16,0.11,38,clear sky
25-02-24 12:53:34,0.76,64,clear sky
25-02-24 13:18:58,-0.09,41,clear sky
25-02-24 13:37:07,-0.24,69,clear sky
25-02-24 13:45:42,-0.24,69,clear sky
25-02-24 13:54:11,-0.24,69,clear sky
25-02-24 14:11:17,-0.26,42,clear sky
25-02-24 14:31:51,-2.24,86,clear sky
25-02-24 14:43:40,-2.24,86,clear sky
25-02-24 14:52:15,-2.24,86,clear sky
25-02-24 15:08:30,-2.24,86,clear sky
25-02-24 15:29:43,-5.24,93,clear sky
25-02-24 15:41:55,-5.24,93,clear sky
25-02-24 15:50:28,-5.24,93,clear sky
25-02-24 15:58:48,-5.24,93,clear sky
25-02-24 16:27:37,-6.24,100,clear sky
25-02-24 16:46:08,-6.24,100,clear sky
25-02-24 16:54:51,-6.24,100,clear sky
25-02-24 17:11:27,-0.46,50,clear sky
25-02-24 17:28:02,-5.24,100,clear sky
25-02-24 17:38:11,-5.24,100,clear sky
25-02-24 17:46:47,-5.24,100,clear sky
25-02-24 17:55:01,-5.24,100,clear sky
25-02-24 18:18:04,-0.47,57,few clouds
25-02-24 18:40:31,-7.24,93,clear sky
25-02-24 18:51:01,-7.24,93,clear sky
25-02-24 18:59:23,-7.24,93,clear sky
25-02-24 19:17:37,-0.5,65,few clouds
25-02-24 19:26:18,-6.24,93,clear sky
25-02-24 19:36:15,-6.24,93,clear sky
25-02-24 19:44:28,-6.24,93,clear sky
25-02-24 19:52:42,-6.24,93,clear sky
25-02-24 20:10:11,-0.5,68,broken clouds
25-02-24 20:29:13,-7.24,100,clear sky
25-02-24 20:40:36,-7.24,100,clear sky
25-02-24 20:49:09,-7.24,100,clear sky
25-02-24 20:57:29,-7.24,100,clear sky
25-02-24 21:15:59,-0.58,69,broken clouds
25-02-24 21:28:26,-7.24,100,clear sky
25-02-24 21:38:03,-7.24,100,clear sky
25-02-24 21:47:00,-7.24,100,clear sky
25-02-24 21:54:43,-7.24,100,clear sky
25-02-24 22:11:37,-0.74,68,scattered clouds
25-02-24 22:30:44,-6.24,100,clear sky
25-02-24 22:41:44,-6.24,100,clear sky
25-02-24 22:50:09,-6.24,100,clear sky
25-02-24 22:58:34,-6.24,100,clear sky
25-02-24 23:19:10,-0.53,66,scattered clouds
25-02-24 23:29:43,-3.24,93,clear sky
25-02-24 23:38:52,-3.24,93,clear sky
25-02-24 23:47:19,-3.24,93,clear sky
25-02-24 23:55:33,-3.24,93,clear sky
25-02-25 01:07:17,0.76,80,clear sky
25-02-25 02:31:40,3.76,60,broken clouds
25-02-25 03:05:12,3.76,60,broken clouds
25-02-25 03:32:37,5.76,52,broken clouds
25-02-25 03:45:27,5.76,52,broken clouds
25-02-25 03:53:40,5.76,52,broken clouds
25-02-25 04:13:19,3.82,50,overcast clouds
25-02-25 04:33:16,4.76,56,broken clouds
25-02-25 04:44:24,4.76,56,broken clouds
25-02-25 04:52:56,4.76,56,broken clouds
25-02-25 05:09:05,4.76,56,broken clouds
25-02-25 05:29:49,4.76,60,broken clouds
25-02-25 05:41:03,4.76,60,broken clouds
25-02-25 05:49:32,4.76,60,broken clouds
25-02-25 05:57:54,4.76,60,broken clouds
25-02-25 06:26:52,4.76,65,broken clouds
25-02-25 06:44:33,4.76,65,broken clouds
25-02-25 06:52:56,4.76,65,broken clouds
25-02-25 07:09:24,4.76,65,broken clouds
25-02-25 07:25:50,5.76,61,broken clouds
25-02-25 07:35:13,5.76,61,broken clouds
25-02-25 07:43:32,5.76,61,broken clouds
25-02-25 07:52:12,5.76,61,broken clouds
25-02-25 08:10:31,5.76,61,broken clouds
25-02-25 08:33:30,4.76,65,broken clouds
25-02-25 08:46:46,4.76,65,broken clouds
25-02-25 08:55:03,4.76,65,broken clouds
25-02-25 09:14:11,3.84,66,overcast clouds
25-02-25 09:30:35,4.76,70,broken clouds
25-02-25 09:41:37,4.76,70,broken clouds
25-02-25 09:50:08,4.76,70,broken clouds
25-02-25 09:58:29,4.76,70,broken clouds
25-02-25 10:21:50,3.37,71,overcast clouds
25-02-25 10:39:02,3.76,75,broken clouds
25-02-25 10:47:46,3.76,75,broken clouds
25-02-25 10:56:17,3.76,75,broken clouds
25-02-25 11:13:14,3.15,76,broken clouds
25-02-25 11:25:55,3.76,75,broken clouds
25-02-25 11:35:58,3.76,75,broken clouds
25-02-25 11:44:06,3.76,75,broken clouds
25-02-25 11:52:41,3.76,75,broken clouds
25-02-25 12:15:38,3.76,75,broken clouds
25-02-25 12:53:54,3.76,81,scattered clouds
25-02-25 13:19:21,2.67,84,clear sky
25-02-25 13:37:22,1.76,93,scattered clouds
25-02-25 13:46:00,1.76,93,scattered clouds
25-02-25 13:54:25,1.76,93,scattered clouds
25-02-25 14:11:37,2.47,86,clear sky
25-02-25 14:32:22,1.76,93,scattered clouds
25-02-25 14:44:14,1.76,93,scattered clouds
25-02-25 14:52:31,1.76,93,scattered clouds
25-02-25 15:08:38,1.76,93,scattered clouds
25-02-25 15:29:32,2.76,93,scattered clouds
25-02-25 15:41:54,2.76,93,scattered clouds
25-02-25 15:50:03,2.76,93,scattered clouds
25-02-25 15:58:38,2.76,93,scattered clouds
25-02-25 16:26:36,2.76,93,scattered clouds
25-02-25 16:45:08,2.76,93,mist
25-02-25 16:54:29,2.76,93,mist
25-02-25 17:13:30,2.76,93,mist
25-02-25 17:32:46,2.76,100,mist
25-02-25 17:43:09,2.76,100,mist
25-02-25 17:51:37,2.76,100,mist
25-02-25 18:00:02,2.76,100,mist
25-02-25 18:32:41,2.76,100,mist
25-02-25 18:47:31,2.76,100,mist
25-02-25 18:55:43,2.76,100,mist
25-02-25 19:11:58,2.76,100,mist
25-02-25 19:23:46,1.76,100,mist
25-02-25 19:33:10,1.76,100,mist
25-02-25 19:41:32,1.76,100,mist
25-02-25 19:50:04,1.76,100,mist
25-02-25 19:58:20,1.76,100,mist
25-02-25 20:21:46,0.19,69,clear sky
25-02-25 20:34:54,-0.24,100,mist
25-02-25 20:43:30,-0.24,100,mist
25-02-25 20:52:01,-0.24,100,mist
25-02-25 21:00:22,-0.24,100,mist
25-02-25 21:21:48,-0.26,56,clear sky
25-02-25 21:30:51,-1.24,93,fog
25-02-25 21:41:07,-1.24,93,fog
25-02-25 21:49:40,-1.24,93,fog
25-02-25 21:58:04,-1.24,93,fog
25-02-25 22:18:15,-0.51,45,clear sky
25-02-25 22:34:12,-4.24,100,fog
25-02-25 22:42:51,-4.24,100,fog
25-02-25 22:51:30,-4.24,100,fog
25-02-25 22:59:59,-4.24,100,fog
25-02-25 23:21:31,-0.39,37,clear sky
25-02-25 23:30:12,-2.24,93,fog
25-02-25 23:39:23,-2.24,93,fog
25-02-25 23:48:05,-2.24,93,fog
25-02-25 23:56:43,-2.24,93,fog
25-02-26 01:16:03,2.76,75,mist
25-02-26 02:32:50,4.76,45,haze
25-02-26 03:04:33,4.76,45,haze
25-02-26 03:33:53,6.76,26,clear sky
25-02-26 03:47:21,6.76,26,clear sky
25-02-26 03:55:35,6.76,26,clear sky
25-02-26 04:17:27,5.17,15,clear sky
25-02-26 04:39:09,7.76,17,clear sky
25-02-26 04:49:54,7.76,17,clear sky
25-02-26 04:58:23,7.76,17,clear sky
25-02-26 05:19:37,5.8,15,clear sky
25-02-26 05:34:42,7.76,21,clear sky
25-02-26 05:43:16,7.76,21,clear sky
25-02-26 05:51:45,7.76,21,clear sky
25-02-26 06:00:11,7.76,21,clear sky
25-02-26 06:33:01,7.76,19,clear sky
25-02-26 06:47:04,7.76,19,clear sky
25-02-26 06:55:25,7.76,19,clear sky
25-02-26 07:13:23,7.76,19,clear sky
25-02-26 07:27:03,7.76,18,clear sky
25-02-26 07:36:43,7.76,18,clear sky
25-02-26 07:45:00,7.76,18,clear sky
25-02-26 07:53:11,7.76,18,clear sky
25-02-26 08:12:55,5.22,23,clear sky
25-02-26 08:34:58,6.76,19,clear sky
25-02-26 08:48:04,6.76,19,clear sky
25-02-26 08:56:30,6.76,19,clear sky
25-02-26 09:17:39,4.08,29,clear sky
25-02-26 09:32:16,4.76,22,clear sky
25-02-26 09:42:09,4.76,22,clear sky
25-02-26 09:50:21,4.76,22,clear sky
25-02-26 09:58:49,4.76,22,clear sky
25-02-26 10:22:15,2.76,23,clear sky
25-02-26 10:39:11,2.76,23,clear sky
25-02-26 10:47:32,2.76,23,clear sky
25-02-26 10:55:45,2.76,23,clear sky
25-02-26 11:12:42,2.76,23,clear sky
25-02-26 11:25:42,1.76,27,clear sky
25-02-26 11:35:28,1.76,27,clear sky
25-02-26 11:43:40,1.76,27,clear sky
25-02-26 11:52:22,1.76,27,clear sky
25-02-26 12:14:36,2.2,47,clear sky
25-02-26 12:53:25,0.76,37,clear sky
25-02-26 13:18:21,1.64,48,clear sky
25-02-26 13:36:03,-0.24,40,clear sky
25-02-26 13:44:38,-0.24,40,clear sky
25-02-26 13:52:57,-0.24,40,clear sky
25-02-26 14:08:58,-0.24,40,clear sky
25-02-26 14:30:34,-1.24,51,clear sky
25-02-26 14:43:48,-1.24,51,clear sky
25-02-26 14:52:34,-1.24,51,clear sky
25-02-26 15:08:53,-1.24,51,clear sky
25-02-26 15:30:40,-4.24,68,clear sky
25-02-26 15:43:18,-4.24,68,clear sky
25-02-26 15:51:53,-4.24,68,clear sky
25-02-26 16:00:17,-4.24,68,clear sky
25-02-26 16:30:37,-4.24,74,clear sky
25-02-26 16:47:13,-4.24,74,clear sky
25-02-26 16:55:49,-4.24,74,clear sky
25-02-26 17:13:25,0.3,59,clear sky
25-02-26 17:30:00,-5.24,63,clear sky
25-02-26 17:40:36,-5.24,63,clear sky
25-02-26 17:49:08,-5.24,63,clear sky
25-02-26 17:57:42,-5.24,63,clear sky
25-02-26 18:25:58,0.16,58,clear sky
25-02-26 18:43:57,0.05,55,clear sky
25-02-26 18:52:33,0.15,57,clear sky
25-02-26 19:06:33,0.15,57,clear sky
25-02-26 19:20:52,0.15,57,clear sky
25-02-26 19:29:08,0.15,57,clear sky
25-02-26 19:38:53,0.15,57,clear sky
25-02-26 19:47:15,0.07,56,clear sky
25-02-26 19:55:50,0.07,56,clear sky
25-02-26 20:16:17,-6.24,73,clear sky
25-02-26 20:31:38,-6.24,73,clear sky
25-02-26 20:42:04,-6.24,73,clear sky
25-02-26 20:50:35,-6.24,73,clear sky
25-02-26 20:58:55,-6.24,73,clear sky
25-02-26 21:19:37,0.01,54,clear sky
25-02-26 21:30:09,-6.24,79,clear sky
25-02-26 21:39:20,-6.24,79,clear sky
25-02-26 21:47:59,-6.24,79,clear sky
25-02-26 21:56:26,-6.24,79,clear sky
25-02-26 22:14:52,-0.04,52,clear sky
25-02-26 22:32:30,-6.24,86,clear sky
25-02-26 22:42:36,-6.24,86,clear sky
25-02-26 22:51:03,-6.24,86,clear sky
25-02-26 22:59:20,-6.24,86,clear sky
25-02-26 23:21:48,0.34,48,clear sky
25-02-26 23:32:46,-4.24,80,clear sky
25-02-26 23:41:29,-4.24,80,clear sky
25-02-26 23:49:51,-4.24,80,clear sky
25-02-26 23:58:14,-4.24,80,clear sky
25-02-27 01:37:11,5.76,24,clear sky
25-02-27 02:43:25,8.76,25,clear sky
25-02-27 03:14:42,9.76,16,clear sky
25-02-27 03:38:39,9.76,16,clear sky
25-02-27 03:49:22,9.76,16,clear sky
25-02-27 03:57:55,9.76,16,clear sky
25-02-27 04:22:43,11.76,13,clear sky
25-02-27 04:39:21,11.76,13,clear sky
25-02-27 04:48:36,11.76,13,clear sky
25-02-27 04:56:56,11.76,13,clear sky
25-02-27 05:17:38,12.76,11,clear sky
25-02-27 05:34:33,12.76,11,clear sky
25-02-27 05:43:36,12.76,11,clear sky
25-02-27 05:52:12,12.76,11,clear sky
25-02-27 06:10:57,12.76,11,clear sky
25-02-27 06:36:40,12.76,11,few clouds
25-02-27 06:48:59,12.76,11,few clouds
25-02-27 06:57:25,12.76,11,few clouds
25-02-27 07:17:03,12.76,13,clear sky
25-02-27 07:28:46,12.76,13,clear sky
25-02-27 07:37:54,12.76,13,clear sky
25-02-27 07:46:27,12.76,13,clear sky
25-02-27 07:55:06,12.76,13,clear sky
25-02-27 08:16:58,11.76,16,clear sky
25-02-27 08:36:51,11.76,16,clear sky
25-02-27 08:48:28,11.76,16,clear sky
25-02-27 08:56:56,11.76,16,clear sky
25-02-27 09:18:14,8.93,15,broken clouds
25-02-27 09:32:25,10.76,19,clear sky
25-02-27 09:41:53,10.76,19,clear sky
25-02-27 09:50:27,10.76,19,clear sky
25-02-27 09:58:45,10.76,19,clear sky
25-02-27 10:22:06,7.7,16,broken clouds
25-02-27 10:39:22,6.76,31,clear sky
25-02-27 10:48:08,6.76,31,clear sky
25-02-27 10:56:51,6.76,31,clear sky
25-02-27 11:13:46,6.76,31,clear sky
25-02-27 11:25:34,7.3,17,broken clouds
25-02-27 11:35:27,2.76,41,clear sky
25-02-27 11:43:55,2.76,41,clear sky
25-02-27 11:57:46,2.76,41,clear sky
25-02-27 12:15:43,6.4,18,broken clouds
25-02-27 12:53:58,2.76,41,clear sky
25-02-27 13:20:03,5.92,17,overcast clouds
25-02-27 13:37:55,-0.24,51,clear sky
25-02-27 13:46:25,-0.24,51,clear sky
25-02-27 13:54:54,-0.24,51,clear sky
25-02-27 14:12:45,5.29,18,overcast clouds
25-02-27 14:32:22,-0.24,59,clear sky
25-02-27 14:44:02,-0.24,59,clear sky
25-02-27 14:52:39,-0.24,59,clear sky
25-02-27 15:09:31,-0.24,59,clear sky
25-02-27 15:30:06,0.76,60,broken clouds
25-02-27 15:40:54,0.76,60,broken clouds
25-02-27 15:49:33,0.76,60,broken clouds
25-02-27 15:57:55,0.76,60,broken clouds
25-02-27 16:25:17,-0.24,69,broken clouds
25-02-27 16:44:09,-0.24,69,broken clouds
25-02-27 16:53:09,-0.24,69,broken clouds
25-02-27 17:08:51,3.83,25,broken clouds
25-02-27 17:28:51,0.76,75,broken clouds
25-02-27 17:40:11,0.76,75,broken clouds
25-02-27 17:48:37,0.76,75,broken clouds
25-02-27 17:56:48,0.76,75,broken clouds
25-02-27 18:23:36,3.52,27,broken clouds
25-02-27 18:42:32,0.76,64,broken clouds
25-02-27 18:51:53,0.76,64,broken clouds
25-02-27 19:00:07,0.76,64,broken clouds
25-02-27 19:18:28,4,35,broken clouds
25-02-27 19:27:00,-0.24,64,scattered clouds
25-02-27 19:36:54,-0.24,64,scattered clouds
25-02-27 19:45:23,-0.24,64,scattered clouds
25-02-27 19:53:56,-0.24,64,scattered clouds
25-02-27 20:12:20,-0.24,64,scattered clouds
25-02-27 20:30:11,-0.24,69,broken clouds
25-02-27 20:41:32,-0.24,69,broken clouds
25-02-27 20:49:58,-0.24,69,broken clouds
25-02-27 20:58:30,-0.24,69,broken clouds
25-02-27 21:18:57,-0.24,80,broken clouds
25-02-27 21:30:16,-0.24,80,broken clouds
25-02-27 21:39:28,-0.24,80,broken clouds
25-02-27 21:48:14,-0.24,80,broken clouds
25-02-27 21:56:38,-0.24,80,broken clouds
25-02-27 22:16:43,3.61,41,broken clouds
25-02-27 22:34:25,1.76,64,broken clouds
25-02-27 22:43:49,1.76,64,broken clouds
25-02-27 22:52:27,1.76,64,broken clouds
25-02-27 23:07:54,1.76,64,broken clouds
25-02-27 23:25:20,1.76,75,broken clouds
25-02-27 23:35:06,1.76,75,broken clouds
25-02-27 23:43:34,1.76,75,broken clouds
25-02-27 23:52:12,1.76,75,broken clouds
25-02-28 00:36:35,4.76,52,broken clouds
25-02-28 02:08:24,6.76,49,broken clouds
25-02-28 02:59:22,9.76,40,broken clouds
25-02-28 03:29:00,10.76,58,broken clouds
25-02-28 03:44:48,10.76,58,broken clouds
25-02-28 03:53:17,10.76,58,broken clouds
25-02-28 04:12:19,10.76,58,broken clouds
25-02-28 04:33:27,10.76,62,broken clouds
25-02-28 04:45:14,10.76,62,broken clouds
25-02-28 04:53:25,10.76,62,broken clouds
25-02-28 05:10:24,10.76,62,broken clouds
25-02-28 05:31:31,10.76,62,broken clouds
25-02-28 05:42:37,10.76,62,broken clouds
25-02-28 05:51:18,10.76,62,broken clouds
25-02-28 05:59:35,10.76,62,broken clouds
25-02-28 06:31:24,11.76,58,broken clouds
25-02-28 06:46:46,11.76,58,broken clouds
25-02-28 06:55:06,11.76,58,broken clouds
25-02-28 07:13:17,11.76,58,broken clouds
25-02-28 07:27:21,11.76,58,broken clouds
25-02-28 07:36:23,11.76,58,broken clouds
25-02-28 07:44:57,11.76,58,broken clouds
25-02-28 07:53:17,11.76,58,broken clouds
25-02-28 08:12:53,10.76,66,scattered clouds
25-02-28 08:33:41,10.76,66,scattered clouds
25-02-28 08:46:28,10.76,66,scattered clouds
25-02-28 08:54:49,10.76,66,scattered clouds
25-02-28 09:13:41,10.76,66,scattered clouds
25-02-28 09:30:16,9.76,71,clear sky
25-02-28 09:40:40,9.76,71,clear sky
25-02-28 09:49:27,9.76,71,clear sky
25-02-28 09:57:38,9.76,71,clear sky
25-02-28 10:19:17,7.71,69,clear sky
25-02-28 10:37:30,4.76,87,clear sky
25-02-28 10:45:56,4.76,87,clear sky
25-02-28 10:54:37,4.76,87,clear sky
25-02-28 11:10:27,4.76,100,clear sky
25-02-28 11:23:49,4.76,100,clear sky
25-02-28 11:33:26,4.76,100,clear sky
25-02-28 11:41:50,4.76,100,clear sky
25-02-28 11:50:18,4.76,100,clear sky
25-02-28 11:58:54,4.76,100,clear sky
25-02-28 12:40:52,3.76,100,clear sky
25-02-28 13:04:07,3.76,100,clear sky
25-02-28 13:30:08,3.76,100,mist
25-02-28 13:41:15,3.76,100,mist
25-02-28 13:49:29,3.76,100,mist
25-02-28 13:57:45,3.76,100,mist
25-02-28 14:17:31,0.76,100,mist
25-02-28 14:34:30,0.76,100,mist
25-02-28 14:43:39,0.76,100,mist
25-02-28 14:52:19,0.76,100,mist
25-02-28 15:08:02,0.76,100,mist
25-02-28 15:28:44,0.76,100,fog
25-02-28 15:40:29,0.76,100,fog
25-02-28 15:49:13,0.76,100,fog
25-02-28 15:57:44,0.76,100,fog
25-02-28 16:24:17,4.57,80,clear sky
25-02-28 16:42:18,-1.24,100,fog
25-02-28 16:50:58,-0.24,93,fog
25-02-28 16:59:21,-0.24,93,fog
25-02-28 17:17:41,-0.24,93,fog
25-02-28 17:31:40,-0.24,100,fog
25-02-28 17:40:40,-0.24,100,fog
25-02-28 17:49:08,-0.24,100,fog
25-02-28 17:57:17,-0.24,100,fog
25-02-28 18:24:51,3.88,81,few clouds
25-02-28 18:43:05,-1.24,100,fog
25-02-28 18:51:35,-1.24,100,fog
25-02-28 19:00:02,-1.24,100,fog
25-02-28 19:19:38,-0.24,100,fog
25-02-28 19:28:09,-0.24,100,fog
25-02-28 19:37:32,-0.24,100,fog
25-02-28 19:46:06,-0.24,100,fog
25-02-28 19:54:30,-0.24,100,fog
25-02-28 20:12:58,-0.24,100,fog
25-02-28 20:29:49,-0.24,100,fog
25-02-28 20:41:57,-0.24,100,fog
25-02-28 20:50:15,-0.24,100,fog
25-02-28 20:58:35,-0.24,100,fog
25-02-28 21:18:28,3.56,79,overcast clouds
25-02-28 21:29:27,-1.24,100,fog
25-02-28 21:38:43,-1.24,100,fog
25-02-28 21:47:28,-1.24,100,fog
25-02-28 21:56:06,-1.24,100,fog
25-02-28 22:14:09,3.51,77,overcast clouds
25-02-28 22:32:00,-1.24,100,fog
25-02-28 22:42:04,-1.24,100,fog
25-02-28 22:50:33,-0.24,100,fog
25-02-28 22:58:57,-0.24,93,fog
25-02-28 23:19:35,-0.24,93,fog
25-02-28 23:29:38,-0.24,100,fog
25-02-28 23:38:54,-0.24,100,fog
25-02-28 23:47:28,-0.24,100,fog
25-02-28 23:55:39,-0.24,100,fog
25-03-01 01:12:59,1.76,100,mist
25-03-01 02:37:52,8.76,71,mist
25-03-01 03:18:50,8.01,52,overcast clouds
25-03-01 03:43:02,13.76,44,haze
25-03-01 03:52:06,13.76,44,haze
25-03-01 04:08:45,13.76,44,haze
25-03-01 04:30:34,12.76,47,overcast clouds
25-03-01 04:42:31,12.76,47,haze
25-03-01 04:51:05,12.76,47,haze
25-03-01 04:59:41,12.76,47,haze
25-03-01 05:21:22,11.76,54,moderate rain
25-03-01 05:34:00,11.76,54,light rain
25-03-01 05:42:27,11.76,54,moderate rain
25-03-01 05:51:03,11.76,54,moderate rain
25-03-01 05:59:24,11.76,54,moderate rain
25-03-01 06:30:15,10.76,82,moderate rain
25-03-01 06:45:26,10.76,82,moderate rain
25-03-01 06:53:59,10.76,82,light rain
25-03-01 07:09:55,10.76,82,broken clouds
25-03-01 07:24:32,8.86,49,overcast clouds
25-03-01 07:33:44,11.76,66,overcast clouds
25-03-01 07:42:00,11.76,66,haze
25-03-01 07:50:31,11.76,66,haze
25-03-01 07:58:45,11.76,66,haze
25-03-01 08:24:51,11.76,62,haze
25-03-01 08:39:04,11.76,62,haze
25-03-01 08:48:04,11.76,62,haze
25-03-01 08:56:36,11.76,62,haze
25-03-01 09:15:13,7.6,64,overcast clouds
25-03-01 09:28:55,10.76,71,overcast clouds
25-03-01 09:38:19,10.76,71,haze
25-03-01 09:46:56,10.76,71,haze
25-03-01 09:55:17,10.76,71,haze
25-03-01 10:13:26,7.63,64,overcast clouds
25-03-01 10:31:38,9.76,76,overcast clouds
25-03-01 10:41:31,9.76,76,broken clouds
25-03-01 10:50:04,9.76,76,broken clouds
25-03-01 10:58:21,9.76,76,broken clouds
25-03-01 11:14:41,7.58,65,overcast clouds
25-03-01 11:24:21,7.76,81,overcast clouds
25-03-01 11:35:17,7.76,81,overcast clouds
25-03-01 11:43:40,7.76,81,broken clouds
25-03-01 11:52:11,7.76,81,broken clouds
25-03-01 12:11:55,7.76,81,broken clouds
25-03-01 12:47:58,5.76,100,mist
25-03-01 13:09:33,8.21,49,overcast clouds
25-03-01 13:27:54,6.76,93,mist
25-03-01 13:37:05,6.76,93,mist
25-03-01 13:45:22,6.76,93,mist
25-03-01 13:53:50,6.76,93,mist
25-03-01 14:08:48,6.76,93,mist
25-03-01 14:28:00,6.76,87,mist
25-03-01 14:38:28,6.76,87,mist
25-03-01 14:46:54,6.76,87,mist
25-03-01 14:55:28,6.76,87,mist
25-03-01 15:12:52,6.76,87,mist
25-03-01 15:29:18,3.76,100,mist
25-03-01 15:39:25,3.76,100,mist
25-03-01 15:47:53,3.76,100,mist
25-03-01 15:56:23,3.76,100,mist
25-03-01 16:17:25,7.07,55,broken clouds
25-03-01 16:35:12,3.76,100,mist
25-03-01 16:44:45,3.76,100,mist
25-03-01 16:52:59,3.76,100,mist
25-03-01 17:07:08,3.76,100,mist
25-03-01 17:24:28,6.77,56,broken clouds
25-03-01 17:33:49,3.76,100,mist
25-03-01 17:42:20,3.76,100,mist
25-03-01 17:50:32,3.76,100,mist
25-03-01 17:58:42,3.76,100,mist
25-03-01 18:26:03,3.76,100,mist
25-03-01 18:40:43,3.76,100,mist
25-03-01 18:49:21,3.76,100,mist
25-03-01 18:57:47,3.76,100,mist
25-03-01 19:13:29,3.76,100,mist
25-03-01 19:22:31,4.76,100,mist
25-03-01 19:31:18,4.76,100,mist
25-03-01 19:39:33,4.76,100,mist
25-03-01 19:47:57,4.76,100,mist
25-03-01 19:56:27,4.76,100,mist
25-03-01 20:15:44,4.76,100,mist
25-03-01 20:30:01,5.76,93,mist
25-03-01 20:40:01,5.76,93,mist
25-03-01 20:48:45,5.76,93,mist
25-03-01 20:56:59,5.76,93,mist
25-03-01 21:14:23,7.18,51,overcast clouds
25-03-01 21:28:38,4.76,100,mist
25-03-01 21:37:13,4.76,100,mist
25-03-01 21:45:27,4.76,100,mist
25-03-01 21:53:44,4.76,100,mist
25-03-01 22:08:53,4.76,100,mist
25-03-01 22:28:46,4.76,100,mist
25-03-01 22:39:23,4.76,100,mist
25-03-01 22:47:49,4.76,100,mist
25-03-01 22:56:10,4.76,100,mist
25-03-01 23:14:58,7.21,50,overcast clouds
25-03-01 23:28:20,7.21,50,overcast clouds
25-03-01 23:37:34,5.76,87,mist
25-03-01 23:45:52,5.76,87,mist
25-03-01 23:54:29,5.76,87,mist
25-03-02 01:00:54,6.76,81,broken clouds
25-03-02 02:25:40,8.61,50,overcast clouds
25-03-02 03:07:00,10.76,62,broken clouds
25-03-02 03:35:16,12.76,54,broken clouds
25-03-02 03:47:41,12.76,54,broken clouds
25-03-02 03:56:10,12.76,54,broken clouds
25-03-02 04:17:24,14.76,41,clear sky
25-03-02 04:33:56,14.76,41,clear sky
25-03-02 04:43:43,14.76,41,clear sky
25-03-02 04:52:11,14.76,41,clear sky
25-03-02 05:00:45,14.76,41,clear sky
25-03-02 05:24:33,8.99,45,overcast clouds
25-03-02 05:37:11,8.99,45,overcast clouds
25-03-02 05:45:29,13.76,41,clear sky
25-03-02 05:54:04,13.76,41,clear sky
25-03-02 06:15:03,13.76,41,clear sky
25-03-02 06:37:25,13.76,35,light rain
25-03-02 06:47:37,13.76,35,moderate rain
25-03-02 06:55:51,13.76,35,moderate rain
25-03-02 07:13:01,8.09,64,moderate rain
25-03-02 07:25:38,10.76,62,moderate rain
25-03-02 07:35:14,10.76,62,moderate rain
25-03-02 07:43:42,10.76,62,moderate rain
25-03-02 07:52:20,10.76,62,moderate rain
25-03-02 08:09:12,10.76,62,moderate rain
25-03-02 08:29:53,7.76,93,moderate rain
25-03-02 08:42:20,7.76,93,moderate rain
25-03-02 08:50:48,7.76,93,moderate rain
25-03-02 08:59:02,7.76,93,moderate rain
25-03-02 09:21:13,6.78,87,heavy intensity rain
25-03-02 09:31:19,6.76,100,moderate rain
25-03-02 09:41:10,6.76,100,moderate rain
25-03-02 09:49:19,6.76,100,moderate rain
25-03-02 09:57:51,6.76,100,moderate rain
25-03-02 10:18:45,4.57,84,moderate rain
25-03-02 10:34:39,5.76,93,moderate rain
25-03-02 10:42:54,5.76,93,moderate rain
25-03-02 10:51:29,5.76,93,moderate rain
25-03-02 10:59:55,5.76,93,moderate rain
25-03-02 11:17:50,4.3,82,moderate rain
25-03-02 11:26:29,4.76,93,moderate rain
25-03-02 11:36:00,4.76,93,moderate rain
25-03-02 11:44:29,4.76,93,moderate rain
25-03-02 11:52:58,4.76,93,moderate rain
25-03-02 12:14:36,3.93,81,light rain
25-03-02 12:48:23,4.76,87,moderate rain
25-03-02 13:09:14,4.76,87,light rain
25-03-02 13:27:42,3.2,78,moderate rain
25-03-02 13:36:51,3.76,93,moderate rain
25-03-02 13:45:15,3.76,93,light rain
25-03-02 13:53:41,3.76,93,light rain
25-03-02 14:08:42,3.76,93,light rain
25-03-02 14:27:39,2.76,93,moderate rain
25-03-02 14:38:11,2.76,93,moderate rain
25-03-02 14:46:46,2.76,93,moderate rain
25-03-02 14:55:08,2.76,93,moderate rain
25-03-02 15:12:27,1,93,snow
25-03-02 15:28:05,2.76,93,moderate rain
25-03-02 15:38:02,2.76,93,moderate rain
25-03-02 15:46:17,2.76,93,moderate rain
25-03-02 15:54:37,2.76,93,moderate rain
25-03-02 16:13:58,2.76,93,moderate rain
25-03-02 16:33:14,2.76,93,moderate rain
25-03-02 16:43:58,2.76,93,moderate rain
25-03-02 16:52:06,2.76,93,moderate rain
25-03-02 17:00:46,2.76,93,moderate rain
25-03-02 17:19:30,0.46,100,snow
25-03-02 17:30:56,2.76,93,moderate rain
25-03-02 17:39:13,2.76,93,moderate rain
25-03-02 17:47:38,2.76,93,moderate rain
25-03-02 17:56:15,2.76,93,moderate rain
25-03-02 18:20:27,1.76,100,moderate rain
25-03-02 18:39:58,1.76,100,light rain
25-03-02 18:49:09,1.76,100,moderate rain
25-03-02 18:57:30,1.76,100,light rain
25-03-02 19:13:21,1.76,100,light rain
25-03-02 19:23:24,0.25,98,snow
25-03-02 19:32:06,1.76,100,moderate rain
25-03-02 19:40:28,1.76,100,moderate rain
25-03-02 19:48:49,1.76,100,moderate rain
25-03-02 19:57:04,1.76,100,light rain
25-03-02 20:17:01,0.1,97,snow
25-03-02 20:29:58,0.76,100,moderate rain
25-03-02 20:40:39,0.76,100,moderate rain
25-03-02 20:49:03,0.76,100,light rain
25-03-02 20:57:38,0.76,100,light rain
25-03-02 21:16:24,0.1,95,snow
25-03-02 21:27:53,0.76,100,snow
25-03-02 21:36:47,0.76,100,snow
25-03-02 21:45:20,0.76,100,snow
25-03-02 21:53:48,0.76,100,snow
25-03-02 22:09:35,0.76,100,snow
25-03-02 22:29:25,0.76,100,light snow
25-03-02 22:39:59,0.76,100,light snow
25-03-02 22:48:32,0.76,100,light snow
25-03-02 22:56:48,0.76,100,light snow
25-03-02 23:15:04,0.76,100,overcast clouds
25-03-02 23:27:40,1.76,93,broken clouds
25-03-02 23:37:11,1.76,93,mist
25-03-02 23:45:42,1.76,93,mist
25-03-02 23:54:04,1.76,93,mist
25-03-03 00:55:23,2.76,81,broken clouds
25-03-03 02:19:21,1.74,79,broken clouds
25-03-03 03:04:47,4.76,65,clear sky
25-03-03 03:35:07,5.76,56,clear sky
25-03-03 03:50:17,5.76,56,clear sky
25-03-03 03:58:34,5.76,56,clear sky
25-03-03 04:25:48,6.76,57,clear sky
25-03-03 04:41:27,6.76,57,clear sky
25-03-03 04:50:28,6.76,57,clear sky
25-03-03 04:59:02,6.76,57,clear sky
25-03-03 05:21:07,6.78,49,scattered clouds
25-03-03 05:36:49,6.76,57,clear sky
25-03-03 05:44:58,6.76,57,clear sky
25-03-03 05:53:28,6.76,57,clear sky
25-03-03 06:15:21,4.03,61,broken clouds
25-03-03 06:41:43,5.76,52,clear sky
25-03-03 06:52:39,5.76,52,clear sky
25-03-03 07:09:21,5.76,52,clear sky
25-03-03 07:26:41,4.76,52,clear sky
25-03-03 07:36:36,4.76,52,clear sky
25-03-03 07:44:51,4.76,52,clear sky
25-03-03 07:53:28,4.76,52,clear sky
25-03-03 08:14:36,3.66,51,overcast clouds
25-03-03 08:36:41,4.76,52,clear sky
25-03-03 08:48:22,4.76,52,clear sky
25-03-03 08:56:31,4.76,52,clear sky
25-03-03 09:18:43,2.33,52,overcast clouds
25-03-03 09:34:40,3.76,52,clear sky
25-03-03 09:44:19,3.76,52,clear sky
25-03-03 09:52:30,3.76,52,clear sky
25-03-03 10:09:36,3.76,52,clear sky
25-03-03 10:33:48,2.76,56,clear sky
25-03-03 10:45:42,2.76,56,clear sky
25-03-03 10:54:00,2.76,56,clear sky
25-03-03 11:10:02,0.92,51,overcast clouds
25-03-03 11:24:42,1.76,55,clear sky
25-03-03 11:34:39,1.76,55,clear sky
25-03-03 11:43:10,1.76,55,clear sky
25-03-03 11:51:50,1.76,55,clear sky
25-03-03 12:00:06,1.76,55,clear sky
25-03-03 12:48:36,1.76,51,clear sky
25-03-03 13:14:32,0.72,52,overcast clouds
25-03-03 13:35:07,1.76,51,clear sky
25-03-03 13:44:51,1.76,51,clear sky
25-03-03 13:53:19,1.76,51,clear sky
25-03-03 14:09:51,0.7,52,overcast clouds
25-03-03 14:31:30,1.76,48,clear sky
25-03-03 14:44:36,1.76,48,clear sky
25-03-03 14:53:06,1.76,48,clear sky
25-03-03 15:10:09,0.71,52,overcast clouds
25-03-03 15:30:02,1.76,51,clear sky
25-03-03 15:42:33,1.76,51,clear sky
25-03-03 15:51:00,1.76,51,clear sky
25-03-03 15:59:32,1.76,51,clear sky
25-03-03 16:28:17,0.68,52,overcast clouds
25-03-03 16:46:08,1.76,55,clear sky
25-03-03 16:55:52,1.76,55,clear sky
25-03-03 17:13:30,0.79,54,overcast clouds
25-03-03 17:30:34,0.79,54,overcast clouds
25-03-03 17:41:08,1.76,51,clear sky
25-03-03 17:49:32,1.76,51,clear sky
25-03-03 17:58:08,1.76,51,clear sky
25-03-03 18:26:25,0.69,55,light snow
25-03-03 18:44:12,1.76,51,clear sky
25-03-03 18:52:49,1.76,51,clear sky
25-03-03 19:07:07,1.76,51,clear sky
25-03-03 19:21:15,0.77,57,overcast clouds
25-03-03 19:29:30,1.76,55,clear sky
25-03-03 19:38:57,1.76,55,clear sky
25-03-03 19:47:23,1.76,55,clear sky
25-03-03 19:55:38,1.76,55,clear sky
25-03-03 20:15:19,1.76,55,clear sky
25-03-03 20:32:02,1.76,55,clear sky
25-03-03 20:44:05,1.76,55,light snow
25-03-03 20:52:30,1.76,55,light snow
25-03-03 21:07:13,1.76,55,light snow
25-03-03 21:25:52,0.7,58,overcast clouds
25-03-03 21:37:56,1.76,55,clear sky
25-03-03 21:46:10,1.76,55,clear sky
25-03-03 21:54:22,1.76,55,clear sky
25-03-03 22:11:04,1.76,55,clear sky
25-03-03 22:30:58,2.76,52,moderate rain
25-03-03 22:42:38,2.76,52,clear sky
25-03-03 22:50:48,2.76,52,clear sky
25-03-03 22:59:24,2.76,52,clear sky
25-03-03 23:20:41,1.01,57,overcast clouds
25-03-03 23:30:21,2.76,56,clear sky
25-03-03 23:39:47,2.76,56,clear sky
25-03-03 23:48:15,2.76,56,snow
25-03-03 23:56:39,2.76,56,snow
25-03-04 01:17:21,0.76,86,snow
25-03-04 02:35:33,0.76,93,snow
25-03-04 03:08:21,0.76,100,snow
25-03-04 03:36:37,0.76,100,snow
25-03-04 03:50:07,0.76,100,snow
25-03-04 03:58:33,0.76,100,snow
25-03-04 04:24:33,1.76,100,light rain and snow
25-03-04 04:40:31,1.76,100,snow
25-03-04 04:49:51,1.76,100,snow
25-03-04 04:58:23,1.76,100,snow
25-03-04 05:19:16,1.76,100,snow
25-03-04 05:34:35,1.76,100,light rain
25-03-04 05:42:54,1.76,100,light rain
25-03-04 05:51:23,1.76,100,light rain
25-03-04 05:59:34,1.76,100,light rain
25-03-04 06:31:48,2.76,87,moderate rain
25-03-04 06:47:42,2.76,87,light rain
25-03-04 06:55:59,2.76,87,light rain
25-03-04 07:15:24,1.78,87,light rain
25-03-04 07:29:11,2.76,93,light rain
25-03-04 07:39:17,2.76,93,light rain
25-03-04 07:47:35,2.76,93,broken clouds
25-03-04 07:55:49,2.76,93,broken clouds
25-03-04 08:17:29,2.7,69,overcast clouds
25-03-04 08:38:05,3.76,81,broken clouds
25-03-04 08:50:05,3.76,81,broken clouds
25-03-04 08:58:25,3.76,81,broken clouds
25-03-04 09:21:41,2.78,70,broken clouds
25-03-04 09:35:26,3.76,70,broken clouds
25-03-04 09:43:56,3.76,70,broken clouds
25-03-04 09:52:17,3.76,70,broken clouds
25-03-04 10:08:40,3.76,70,broken clouds
25-03-04 10:33:28,2.76,81,broken clouds
25-03-04 10:45:51,2.76,81,broken clouds
25-03-04 10:54:22,2.76,81,broken clouds
25-03-04 11:10:13,2.76,81,broken clouds
25-03-04 11:24:13,1.76,87,broken clouds
25-03-04 11:33:56,1.76,87,broken clouds
25-03-04 11:42:07,1.76,87,broken clouds
25-03-04 11:50:34,1.76,87,broken clouds
25-03-04 11:59:03,1.76,87,broken clouds
25-03-04 12:43:00,1.76,87,clear sky
25-03-04 13:12:14,1.76,87,clear sky
25-03-04 13:34:04,1.76,80,clear sky
25-03-04 13:44:31,1.76,80,clear sky
25-03-04 13:53:17,1.76,80,clear sky
25-03-04 14:09:39,1.76,80,clear sky
25-03-04 14:31:27,1.76,75,clear sky
25-03-04 14:43:53,1.76,75,snow
25-03-04 14:52:16,1.76,75,snow
25-03-04 15:08:19,1.76,75,light snow
25-03-04 15:29:43,1.76,75,clear sky
25-03-04 15:42:40,1.76,75,light snow
25-03-04 15:51:11,1.76,75,light snow
25-03-04 15:59:39,1.76,75,light snow
25-03-04 16:29:55,1.76,75,clear sky
25-03-04 16:47:34,1.76,75,clear sky
25-03-04 16:56:07,1.76,75,clear sky
25-03-04 17:13:57,1.76,75,clear sky
25-03-04 17:30:20,1.76,75,clear sky
25-03-04 17:41:21,1.76,75,clear sky
25-03-04 17:49:46,1.76,75,clear sky
25-03-04 17:58:24,1.76,75,clear sky
25-03-04 18:28:53,1.76,75,light snow
25-03-04 18:47:15,1.76,75,clear sky
25-03-04 18:55:33,1.76,75,clear sky
25-03-04 19:11:26,1.76,75,clear sky
25-03-04 19:23:18,1.76,75,clear sky
25-03-04 19:32:28,1.76,75,clear sky
25-03-04 19:40:50,1.76,75,clear sky
25-03-04 19:49:19,1.76,75,clear sky
25-03-04 19:57:52,1.76,75,clear sky
25-03-04 20:20:35,1.76,75,clear sky
25-03-04 20:33:59,1.76,75,clear sky
25-03-04 20:42:57,1.76,75,clear sky
25-03-04 20:51:31,1.76,75,light snow
25-03-04 20:59:49,1.76,75,clear sky
25-03-04 21:21:49,0.98,75,light snow
25-03-04 21:31:16,1.76,75,clear sky
25-03-04 21:40:02,1.76,75,clear sky
25-03-04 21:48:42,1.76,75,clear sky
25-03-04 21:57:02,1.76,75,snow
25-03-04 22:15:04,1.05,74,light snow
25-03-04 22:31:33,1.76,75,snow
25-03-04 22:41:48,1.76,75,snow
25-03-04 22:50:01,1.76,75,clear sky
25-03-04 22:58:13,1.76,75,light snow
25-03-04 23:18:42,1.35,71,overcast clouds
25-03-04 23:29:51,1.76,75,clear sky
25-03-04 23:39:20,1.76,75,clear sky
25-03-04 23:47:45,1.76,75,clear sky
25-03-04 23:56:08,1.76,75,clear sky
25-03-05 01:13:04,2.76,70,light rain
25-03-05 02:34:38,4.76,65,clear sky
25-03-05 03:06:51,4.76,65,light rain
25-03-05 03:35:00,4.76,65,clear sky
25-03-05 03:48:02,4.76,65,clear sky
25-03-05 03:56:18,4.76,65,clear sky
25-03-05 04:19:12,5.76,65,clear sky
25-03-05 04:37:33,5.76,65,clear sky
25-03-05 04:47:31,5.76,65,clear sky
25-03-05 04:55:50,5.76,65,clear sky
25-03-05 05:15:00,7.48,43,overcast clouds
25-03-05 05:32:58,6.76,61,clear sky
25-03-05 05:43:02,6.76,61,clear sky
25-03-05 05:51:21,6.76,61,clear sky
25-03-05 05:59:49,6.76,61,clear sky
25-03-05 06:33:13,7.76,57,broken clouds
25-03-05 06:48:04,7.76,57,broken clouds
25-03-05 06:56:10,7.76,57,broken clouds
25-03-05 07:14:56,7.79,41,overcast clouds
25-03-05 07:29:40,7.76,57,broken clouds
25-03-05 07:40:54,7.76,57,broken clouds
25-03-05 07:49:16,7.76,57,broken clouds
25-03-05 07:57:36,7.76,57,broken clouds
25-03-05 08:24:53,7.73,39,overcast clouds
25-03-05 08:42:29,7.76,57,clear sky
25-03-05 08:52:30,7.76,57,clear sky
25-03-05 09:08:55,7.76,57,clear sky
25-03-05 09:29:04,7.35,40,overcast clouds
25-03-05 09:41:02,6.76,61,clear sky
25-03-05 09:49:29,6.76,61,clear sky
25-03-05 09:57:56,6.76,61,clear sky
25-03-05 10:20:38,6.84,42,overcast clouds
25-03-05 10:39:15,4.76,65,few clouds
25-03-05 10:48:09,4.76,65,few clouds
25-03-05 10:56:38,4.76,65,few clouds
25-03-05 11:13:59,6.22,46,overcast clouds
25-03-05 11:26:10,6.22,46,overcast clouds
25-03-05 11:36:12,3.76,75,few clouds
25-03-05 11:44:32,3.76,75,few clouds
25-03-05 11:53:04,3.76,75,few clouds
25-03-05 12:17:24,3.76,81,clear sky
25-03-05 12:55:22,3.76,81,clear sky
25-03-05 13:22:12,1.76,93,clear sky
25-03-05 13:38:21,1.76,93,clear sky
25-03-05 13:46:58,1.76,93,clear sky
25-03-05 13:55:16,1.76,93,clear sky
25-03-05 14:13:24,1.76,93,clear sky
25-03-05 14:32:57,1.76,87,clear sky
25-03-05 14:44:19,1.76,87,clear sky
25-03-05 14:52:47,1.76,87,clear sky
25-03-05 15:09:40,1.76,87,clear sky
25-03-05 15:29:02,0.76,80,clear sky
25-03-05 15:41:39,0.76,80,light snow
25-03-05 15:50:06,0.76,80,clear sky
25-03-05 15:58:31,0.76,80,clear sky
25-03-05 16:32:04,-0.24,80,clear sky
25-03-05 16:52:39,-0.24,80,clear sky
25-03-05 17:08:02,-0.24,80,clear sky
25-03-05 17:28:43,-1.24,93,clear sky
25-03-05 17:40:01,-1.24,93,clear sky
25-03-05 17:48:27,-1.24,93,clear sky
25-03-05 17:56:45,-1.24,93,clear sky
25-03-05 18:24:13,2.29,52,clear sky
25-03-05 18:43:57,-2.24,93,clear sky
25-03-05 18:53:13,-2.24,93,clear sky
25-03-05 19:07:59,-2.24,93,clear sky
25-03-05 19:22:04,1.97,53,clear sky
25-03-05 19:30:34,1.97,53,clear sky
25-03-05 19:40:01,-2.24,86,clear sky
25-03-05 19:48:30,-2.24,86,clear sky
25-03-05 19:56:53,-2.24,86,clear sky
25-03-05 20:18:58,1.77,55,clear sky
25-03-05 20:34:08,-1.24,80,clear sky
25-03-05 20:44:15,-1.24,80,clear sky
25-03-05 20:52:46,-1.24,80,clear sky
25-03-05 21:08:10,-1.24,80,clear sky
25-03-05 21:25:45,-3.24,86,clear sky
25-03-05 21:35:48,-3.24,86,clear sky
25-03-05 21:43:59,-3.24,86,clear sky
25-03-05 21:52:23,-3.24,86,clear sky
25-03-05 22:07:32,-3.24,86,clear sky
25-03-05 22:29:22,-1.24,86,clear sky
25-03-05 22:41:48,-1.24,86,clear sky
25-03-05 22:50:17,-1.24,86,clear sky
25-03-05 22:58:45,-1.24,86,clear sky
25-03-05 23:20:56,1.59,57,clear sky
25-03-05 23:31:44,-0.24,80,clear sky
25-03-05 23:41:18,-0.24,80,clear sky
25-03-05 23:49:36,-0.24,80,clear sky
25-03-05 23:58:11,-0.24,80,clear sky
25-03-06 01:38:04,3.76,65,clear sky
25-03-06 02:45:24,5.76,56,clear sky
25-03-06 03:17:17,6.76,53,clear sky
25-03-06 03:40:43,6.76,53,clear sky
25-03-06 03:51:08,6.76,53,clear sky
25-03-06 03:59:42,6.76,53,clear sky
25-03-06 04:28:19,7.76,46,clear sky
25-03-06 04:44:42,7.76,46,clear sky
25-03-06 04:53:08,7.76,46,clear sky
25-03-06 05:10:11,7.76,46,clear sky
25-03-06 05:30:27,8.76,40,clear sky
25-03-06 05:43:21,8.76,40,clear sky
25-03-06 05:51:48,8.76,40,clear sky
25-03-06 06:00:15,8.76,40,clear sky
25-03-06 06:33:14,8.76,40,clear sky
25-03-06 06:48:11,8.76,40,clear sky
25-03-06 06:56:24,8.76,40,clear sky
25-03-06 07:16:44,8.5,31,clear sky
25-03-06 07:31:17,9.76,37,clear sky
25-03-06 07:42:52,9.76,37,clear sky
25-03-06 07:51:21,9.76,37,clear sky
25-03-06 07:59:51,9.76,37,clear sky
25-03-06 08:29:39,8.76,40,clear sky
25-03-06 08:45:37,8.76,40,clear sky
25-03-06 08:54:18,8.76,40,clear sky
25-03-06 09:12:53,6.76,53,clear sky
25-03-06 09:30:17,6.76,53,clear sky
25-03-06 09:41:50,6.76,53,clear sky
25-03-06 09:50:26,6.76,53,clear sky
25-03-06 09:58:51,6.76,53,clear sky
25-03-06 10:23:39,5.76,45,clear sky
25-03-06 10:41:10,5.76,45,clear sky
25-03-06 10:50:04,5.76,45,clear sky
25-03-06 10:58:40,5.76,45,clear sky
25-03-06 11:17:23,4.76,45,clear sky
25-03-06 11:27:44,4.76,45,clear sky
25-03-06 11:37:37,4.76,45,clear sky
25-03-06 11:46:13,4.76,45,clear sky
25-03-06 11:54:34,4.76,45,clear sky
25-03-06 12:23:32,6.25,32,few clouds
25-03-06 12:57:41,2.76,52,clear sky
25-03-06 13:25:47,2.76,52,clear sky
25-03-06 13:40:22,2.76,52,clear sky
25-03-06 13:48:48,2.76,52,clear sky
25-03-06 13:57:07,2.76,52,clear sky
25-03-06 14:17:08,4.67,36,clear sky
25-03-06 14:36:00,-0.24,64,clear sky
25-03-06 14:45:32,-0.24,64,clear sky
25-03-06 14:54:13,-0.24,64,clear sky
25-03-06 15:12:16,4.07,38,clear sky
25-03-06 15:30:53,0.76,60,clear sky
25-03-06 15:43:50,0.76,60,clear sky
25-03-06 15:52:29,3.49,41,clear sky
25-03-06 16:09:55,0.76,60,clear sky
25-03-06 16:35:13,-1.24,74,clear sky
25-03-06 16:49:41,-1.24,74,clear sky
25-03-06 16:58:16,-1.24,74,clear sky
25-03-06 17:17:55,-2.24,86,clear sky
25-03-06 17:32:34,-2.24,86,clear sky
25-03-06 17:41:50,-2.24,86,clear sky
25-03-06 17:50:12,-2.24,86,clear sky
25-03-06 17:58:45,-2.24,86,clear sky
25-03-06 18:28:56,-2.24,86,clear sky
25-03-06 18:46:21,-2.24,86,clear sky
25-03-06 18:54:51,-2.24,86,clear sky
25-03-06 19:10:24,-2.24,86,clear sky
25-03-06 19:22:52,-3.24,86,clear sky
25-03-06 19:31:33,-3.24,86,clear sky
25-03-06 19:40:07,2.76,40,clear sky
25-03-06 19:48:42,-3.24,86,mist
25-03-06 19:57:00,-3.24,86,mist
25-03-06 20:19:04,2.43,40,clear sky
25-03-06 20:33:24,-2.24,86,clear sky
25-03-06 20:43:06,-2.24,86,mist
25-03-06 20:51:33,-2.24,86,mist
25-03-06 20:59:49,-2.24,86,mist
25-03-06 21:21:55,-3.24,93,clear sky
25-03-06 21:31:17,-3.24,93,clear sky
25-03-06 21:40:01,-3.24,93,mist
25-03-06 21:48:28,-3.24,93,mist
25-03-06 21:56:57,-3.24,93,mist
25-03-06 22:16:03,1.82,43,clear sky
25-03-06 22:33:09,-2.24,93,clear sky
25-03-06 22:43:19,-2.24,93,mist
25-03-06 22:51:54,-2.24,93,mist
25-03-06 23:00:20,-2.24,93,mist
25-03-06 23:22:48,-1.24,86,clear sky
25-03-06 23:32:36,2.18,45,clear sky
25-03-06 23:41:01,-1.24,86,mist
25-03-06 23:49:26,-1.24,86,mist
25-03-06 23:58:00,-1.24,86,mist
25-03-07 01:36:46,4.76,56,haze
25-03-07 02:45:56,7.76,39,haze
25-03-07 03:17:52,8.76,37,overcast clouds
25-03-07 03:42:05,8.76,37,haze
25-03-07 03:51:34,8.76,37,haze
25-03-07 03:59:45,8.76,37,haze
25-03-07 04:27:38,9.76,34,clear sky
25-03-07 04:42:00,9.76,34,clear sky
25-03-07 04:50:39,9.76,34,clear sky
25-03-07 04:58:55,9.76,34,clear sky
25-03-07 05:20:46,8.44,28,overcast clouds
25-03-07 05:36:09,9.76,32,clear sky
25-03-07 05:44:26,9.76,32,clear sky
25-03-07 05:52:50,9.76,32,clear sky
25-03-07 06:13:06,8.36,26,overcast clouds
25-03-07 06:38:55,9.76,34,clear sky
25-03-07 06:50:53,9.76,34,clear sky
25-03-07 06:59:01,9.76,34,clear sky
25-03-07 07:20:12,9.76,32,clear sky
25-03-07 07:29:53,9.76,32,clear sky
25-03-07 07:39:59,9.76,32,clear sky
25-03-07 07:48:24,9.76,32,clear sky
25-03-07 07:56:44,9.76,32,clear sky
25-03-07 08:21:11,7.87,27,overcast clouds
25-03-07 08:39:35,7.15,28,overcast clouds
25-03-07 08:50:14,7.76,42,clear sky
25-03-07 08:58:30,7.76,42,clear sky
25-03-07 09:21:12,5.76,52,clear sky
25-03-07 09:34:29,5.76,52,clear sky
25-03-07 09:42:54,5.76,52,clear sky
25-03-07 09:51:11,5.76,52,clear sky
25-03-07 09:59:30,5.76,52,clear sky
25-03-07 10:24:26,6.62,29,overcast clouds
25-03-07 10:40:28,3.76,65,clear sky
25-03-07 10:49:02,3.76,65,clear sky
25-03-07 10:57:32,3.76,65,clear sky
25-03-07 11:15:11,6.18,30,overcast clouds
25-03-07 11:26:40,3.76,65,clear sky
25-03-07 11:37:01,3.76,65,clear sky
25-03-07 11:45:15,3.76,65,clear sky
25-03-07 11:53:43,3.76,65,clear sky
25-03-07 12:19:23,2.76,60,clear sky
25-03-07 12:55:00,2.76,60,clear sky
25-03-07 13:20:46,5.9,34,overcast clouds
25-03-07 13:36:56,2.76,70,clear sky
25-03-07 13:45:15,2.76,70,clear sky
25-03-07 13:53:50,2.76,70,clear sky
25-03-07 14:10:21,5.64,35,overcast clouds
25-03-07 14:30:26,2.76,70,clear sky
25-03-07 14:42:53,2.76,70,clear sky
25-03-07 14:51:26,2.76,70,clear sky
25-03-07 14:59:42,2.76,70,clear sky
25-03-07 15:24:12,5.31,36,overcast clouds
25-03-07 15:36:36,2.76,70,broken clouds
25-03-07 15:44:50,2.76,70,broken clouds
25-03-07 15:53:12,2.76,70,broken clouds
25-03-07 16:11:30,2.76,70,broken clouds
25-03-07 16:34:47,0.76,86,broken clouds
25-03-07 16:48:16,0.76,86,broken clouds
25-03-07 16:56:51,0.76,86,broken clouds
25-03-07 17:14:37,0.76,86,broken clouds
25-03-07 17:30:05,1.76,75,broken clouds
25-03-07 17:40:24,1.76,75,broken clouds
25-03-07 17:48:51,1.76,75,broken clouds
25-03-07 17:57:20,1.76,75,broken clouds
25-03-07 18:24:42,2.76,70,overcast clouds
25-03-07 18:42:46,2.76,70,broken clouds
25-03-07 18:51:35,2.76,70,broken clouds
25-03-07 18:59:49,2.76,70,broken clouds
25-03-07 19:18:06,2.76,70,broken clouds
25-03-07 19:26:26,1.76,87,overcast clouds
25-03-07 19:36:34,1.76,87,haze
25-03-07 19:45:11,1.76,87,haze
25-03-07 19:53:51,1.76,87,haze
25-03-07 20:12:08,1.76,87,haze
25-03-07 20:29:46,0.76,93,overcast clouds
25-03-07 20:38:43,0.76,93,haze
25-03-07 20:47:04,0.76,93,haze
25-03-07 20:55:32,0.76,93,haze
25-03-07 21:11:56,0.76,93,haze
25-03-07 21:24:16,3.61,51,overcast clouds
25-03-07 21:32:58,0.76,93,mist
25-03-07 21:41:17,0.76,93,mist
25-03-07 21:49:42,0.76,93,mist
25-03-07 21:58:16,0.76,93,mist
25-03-07 22:15:45,0.76,93,mist
25-03-07 22:28:20,-0.24,93,mist
25-03-07 22:36:52,-0.24,93,mist
25-03-07 22:45:18,-0.24,93,mist
25-03-07 22:53:41,-0.24,93,mist
25-03-07 23:08:22,-0.24,93,mist
25-03-07 23:21:22,0.76,93,overcast clouds
25-03-07 23:29:24,0.76,93,overcast clouds
25-03-07 23:38:44,0.76,93,broken clouds
25-03-07 23:46:52,0.76,93,broken clouds
25-03-07 23:55:06,0.76,93,broken clouds
25-03-08 00:51:38,3.76,70,broken clouds
25-03-08 01:44:32,5.76,56,clear sky
25-03-08 02:19:56,5.74,39,overcast clouds
25-03-08 02:40:51,8.76,40,clear sky
25-03-08 02:49:35,8.76,40,clear sky
25-03-08 02:57:59,8.76,40,clear sky
25-03-08 03:18:01,6.5,36,overcast clouds
25-03-08 03:29:26,8.76,34,clear sky
25-03-08 03:38:31,8.76,34,clear sky
25-03-08 03:46:48,8.76,34,clear sky
25-03-08 03:55:05,8.76,34,clear sky
25-03-08 04:13:05,8.76,34,clear sky
25-03-08 04:27:38,9.76,29,clear sky
25-03-08 04:36:59,9.76,29,clear sky
25-03-08 04:45:11,9.76,29,clear sky
25-03-08 04:53:35,9.76,29,clear sky
25-03-08 05:08:17,9.76,29,clear sky
25-03-08 05:24:52,9.76,25,clear sky
25-03-08 05:33:54,9.76,25,clear sky
25-03-08 05:42:07,9.76,25,clear sky
25-03-08 05:50:36,9.76,25,clear sky
25-03-08 05:59:07,9.76,25,clear sky
25-03-08 06:24:02,9.76,29,clear sky
25-03-08 06:37:41,9.76,29,clear sky
25-03-08 06:45:58,9.76,29,clear sky
25-03-08 06:54:13,9.76,29,clear sky
25-03-08 07:08:12,9.76,29,clear sky
25-03-08 07:21:26,8.76,46,clear sky
25-03-08 07:29:29,8.76,46,clear sky
25-03-08 07:38:11,8.76,46,clear sky
25-03-08 07:46:37,8.76,46,clear sky
25-03-08 07:55:07,8.76,46,clear sky
25-03-08 08:13:54,7.4,42,few clouds
25-03-08 08:28:12,7.76,49,clear sky
25-03-08 08:37:30,7.76,49,clear sky
25-03-08 08:45:58,7.76,49,clear sky
25-03-08 08:54:28,7.76,49,clear sky
25-03-08 09:10:17,7.76,49,clear sky
25-03-08 09:23:42,6.76,57,clear sky
25-03-08 09:32:11,6.76,57,clear sky
25-03-08 09:40:19,6.76,57,clear sky
25-03-08 09:48:38,6.76,57,clear sky
25-03-08 09:57:07,6.76,57,clear sky
25-03-08 10:14:35,5.95,55,few clouds
25-03-08 10:29:01,4.76,70,clear sky
25-03-08 10:37:40,4.76,70,clear sky
25-03-08 10:45:59,4.76,70,clear sky
25-03-08 10:54:20,4.76,70,clear sky
25-03-08 11:08:40,4.76,70,clear sky
25-03-08 11:19:16,5.56,59,few clouds
25-03-08 11:27:35,5.56,59,few clouds
25-03-08 11:36:32,3.76,75,clear sky
25-03-08 11:44:45,3.76,75,clear sky
25-03-08 11:53:05,3.76,75,clear sky
25-03-08 12:12:23,5.28,62,few clouds
25-03-08 12:41:29,3.76,81,clear sky
25-03-08 12:54:45,3.76,81,clear sky
25-03-08 13:11:07,5.08,65,clear sky
25-03-08 13:23:37,2.76,93,clear sky
25-03-08 13:32:04,2.76,93,clear sky
25-03-08 13:40:23,2.76,93,clear sky
25-03-08 13:48:34,2.76,93,clear sky
25-03-08 13:57:02,2.76,93,clear sky
25-03-08 14:11:49,2.76,93,clear sky
25-03-08 14:24:08,0.76,100,mist
25-03-08 14:33:09,0.76,100,mist
25-03-08 14:41:22,0.76,100,mist
25-03-08 14:49:34,0.76,100,mist
25-03-08 14:57:50,0.76,100,mist
25-03-08 15:15:13,4.42,71,clear sky
25-03-08 15:25:15,0.76,100,mist
25-03-08 15:34:07,0.76,100,mist
25-03-08 15:42:38,0.76,100,mist
25-03-08 15:50:57,0.76,100,mist
25-03-08 15:59:11,0.76,100,mist
25-03-08 16:20:41,4.13,73,clear sky
25-03-08 16:31:09,-0.24,100,mist
25-03-08 16:39:28,-0.24,100,mist
25-03-08 16:48:02,-0.24,100,mist
25-03-08 16:56:31,-0.24,100,mist
25-03-08 17:12:02,-0.24,100,mist
25-03-08 17:24:14,-1.24,100,mist
25-03-08 17:32:44,-1.24,100,mist
25-03-08 17:41:05,-1.24,100,mist
25-03-08 17:49:30,-1.24,100,mist
25-03-08 17:57:48,-1.24,100,mist
25-03-08 18:19:50,3.58,77,clear sky
25-03-08 18:31:16,-0.24,93,mist
25-03-08 18:42:08,-1.24,100,mist
25-03-08 18:48:00,-1.24,100,mist
25-03-08 18:56:11,-1.24,100,mist
25-03-08 19:11:20,-1.24,100,mist
25-03-08 19:19:19,-1.24,100,mist
25-03-08 19:27:39,-2.24,100,mist
25-03-08 19:36:29,-2.24,100,mist
25-03-08 19:44:34,-2.24,100,mist
25-03-08 19:53:02,-2.24,100,mist
25-03-08 20:07:30,-2.24,100,mist
25-03-08 20:21:46,-2.24,100,mist
25-03-08 20:29:48,-2.24,100,mist
25-03-08 20:38:48,-2.24,100,mist
25-03-08 20:46:59,-2.24,100,mist
25-03-08 20:55:12,-2.24,100,mist
25-03-08 21:11:06,-2.24,100,mist
25-03-08 21:22:35,-2.24,100,fog
25-03-08 21:31:13,-2.24,100,fog
25-03-08 21:39:37,-2.24,100,fog
25-03-08 21:47:59,-2.24,100,fog
25-03-08 21:56:10,-2.24,100,fog
25-03-08 22:11:57,-2.24,100,fog
